link_karma,comment_karma,verified_email,total_posts,total_comments,avg_comment_score,total_achievements,tf_idf_post_content,tf_idf_comment,subreddit_count,comment_per_post,label
4072,3447,True,33,410,8.953658536585365,10,0.013918980090714244,0.007437586028613661,108,12.424242424242424,0
2736,280,True,12,106,3.6037735849056602,1,0.048196683011257305,0.010170592338986414,20,8.833333333333334,0
1,9,True,42,213,1.0422535211267605,1,0.0,0.026870356128883763,1,5.071428571428571,0
1951,327,True,27,150,3.3733333333333335,2,0.04424861521399328,0.012363595082471784,6,5.555555555555555,0
26704,204476,True,275,1786,17.652855543113102,4,0.018462512964322768,0.004984548253324627,342,6.494545454545454,0
202,72,True,91,805,1.0944099378881988,0,0.0731130648813837,0.0189624708932065,18,8.846153846153847,0
33209,1684,True,602,1754,1.4532497149372863,2,0.0626678618968414,0.00722052962674042,158,2.913621262458472,0
3379,213,True,1,0,0,2,0,0,1,0.0,0
18,53,True,17,179,1.2625698324022345,0,0.06771820723388894,0.11184274865476188,11,10.529411764705882,0
5463,6618,True,322,1499,3.494996664442962,4,0.016145177257246356,0.007368633768066835,177,4.65527950310559,0
949,1220,True,0,5,1.4,0,0,0,1,0,0
6,90,False,4,12,8.416666666666666,0,0,0.006383303392861401,10,3.0,1
11099,81,True,2000,161,1.4782608695652173,0,0,0.017725116828856864,33,0.0805,1
1746,6628,True,34,636,13.592767295597485,2,0.13491820484285777,0.008111196865816156,24,18.705882352941178,0
254278,150316,False,1290,1912,23.12029288702929,1,0.024045836800545683,0.005672326817615006,86,1.4821705426356588,0
7385,4607,True,193,1600,1.685625,7,0.32815754225594035,0.023885025892991206,99,8.290155440414507,0
1,0,True,2,0,0,1,0,0,2,0.0,0
3470,1269,True,107,433,4.2517321016166285,1,0.16402801596339847,0.009584876515821543,36,4.046728971962617,0
14959,5098,True,84,1490,4.8120805369127515,3,0.015242581467294075,0.0074580618407499395,70,17.738095238095237,0
2286,38,False,881,850,1.0,0,0,0.4149301026880947,1,0.9648127128263337,1
28404,241,False,1979,1980,1.0,0,0.9994946942900458,0.9107410954874178,1,1.0005053057099544,1
8506,30895,True,495,1870,6.7053475935828875,4,0.035435041761020185,0.008653727103258341,402,3.7777777777777777,0
118,1928,True,60,988,2.9787449392712553,1,0.045198712217778755,0.013031418092162033,113,16.466666666666665,0
32,-18,True,848,51,0.5098039215686274,1,0.13280444253367832,0.06296175777980778,12,0.060141509433962265,1
48,101,True,62,316,1.5126582278481013,1,0.0640420008849551,0.010884812117775798,46,5.096774193548387,0
5275,27465,True,42,1985,10.277078085642318,2,0.02183589899466912,0.010227017526381785,66,47.26190476190476,0
